-- Insert addresses with updated criteria for Karlsruhe and Frankfurt, and additional addresses for new customers
INSERT INTO address
(id, street, house_number, zip_code, city, state, country)
VALUES
    (UUID_TO_BIN('10000000-0000-0000-0000-000000000000'), 'Kwame Nkrumah Street', '45', 'KA003', 'Kumasi', 'Ashanti Region', 'Ghana'),
    (UUID_TO_BIN('10000000-0000-0000-0000-000000000001'), 'Namurstraße', '4', '70374', 'Stuttgart', 'Baden Württemberg', 'Deutschland'),
    (UUID_TO_BIN('10000000-0000-0000-0000-000000000002'), 'Hauptstraße', '15', '76135', 'Karlsruhe', 'Baden Württemberg', 'Deutschland'),
    (UUID_TO_BIN('10000000-0000-0000-0000-000000000003'), 'Mainzer Landstraße', '50', '60329', 'Frankfurt', 'Hessen', 'Deutschland'),
    (UUID_TO_BIN('10000000-0000-0000-0000-000000000004'), 'Eichenstraße', '8', '20255', 'Hamburg', 'Hamburg', 'Deutschland'),
    (UUID_TO_BIN('10000000-0000-0000-0000-000000000005'), 'Eichenstraße', '8', '20255', 'Hamburg', 'Hamburg', 'Deutschland'),
    (UUID_TO_BIN('10000000-0000-0000-0000-000000000006'), 'Musterstraße', '1', '10117', 'Berlin', 'Berlin', 'Deutschland'),
    (UUID_TO_BIN('10000000-0000-0000-0000-000000000007'), 'Namurstraße', '1', '70374', 'Stuttgart', 'Baden Württemberg', 'Deutschland'),
    (UUID_TO_BIN('10000000-0000-0000-0000-000000000008'), 'Ludwigstraße', '24', '80333', 'München', 'Bayern', 'Deutschland'),
    (UUID_TO_BIN('10000000-0000-0000-0000-000000000009'), 'Nanjing Lu', '789', '200001', 'Shanghai', 'Shanghai', 'China'),
    (UUID_TO_BIN('10000000-0000-0000-0000-000000000010'), 'Avenida Insurgentes', '123', '06600', 'Ciudad de México', 'Ciudad de México', 'Mexico'),
    (UUID_TO_BIN('10000000-0000-0000-0000-000000000011'), 'Maple Street', '45', 'CA90001', 'Los Angeles', 'California', 'USA'),
    (UUID_TO_BIN('10000000-0000-0000-0000-000000000012'), 'Sunset Boulevard', '78', 'FL33101', 'Miami', 'Florida', 'USA'),
    (UUID_TO_BIN('10000000-0000-0000-0000-000000000013'), 'Oxford Street', '13', 'OX1 1AA', 'Oxford', 'England', 'UK'),
    (UUID_TO_BIN('10000000-0000-0000-0000-000000000014'), 'King’s Road', '77', 'SW3 5TX', 'London', 'England', 'UK'),
    (UUID_TO_BIN('10000000-0000-0000-0000-000000000015'), 'Independence Avenue', '10', 'AC001', 'Accra', 'Greater Accra Region', 'Ghana'),
    (UUID_TO_BIN('10000000-0000-0000-0000-000000000016'), 'Kumasi Avenue', '22', 'KA002', 'Kumasi', 'Ashanti Region', 'Ghana'),
    (UUID_TO_BIN('10000000-0000-0000-0000-000000000017'), 'Broadway', '22', 'NY10001', 'New York', 'New York', 'USA'),
    (UUID_TO_BIN('10000000-0000-0000-0000-000000000018'), 'Shibuya Crossing', '1-2-3', '150-0001', 'Tokyo', 'Kanto', 'Japan'),
    (UUID_TO_BIN('10000000-0000-0000-0000-000000000019'), 'Queen Street', '16', '1010', 'Auckland', 'North Island', 'New Zealand'),
    (UUID_TO_BIN('10000000-0000-0000-0000-000000000020'), 'George Street', '45', '2000', 'Sydney', 'New South Wales', 'Australia'),
    (UUID_TO_BIN('10000000-0000-0000-0000-000000000021'), 'Leninsky Prospekt', '12', '119991', 'Moscow', 'Moscow', 'Russia'),
    (UUID_TO_BIN('10000000-0000-0000-0000-000000000022'), 'Leninsky Prospekt', '12', '119991', 'Moscow', 'Moscow', 'Russia'),
    (UUID_TO_BIN('10000000-0000-0000-0000-000000000023'), 'Storgatan', '1', '11122', 'Stockholm', 'Stockholm', 'Sweden'),
    (UUID_TO_BIN('10000000-0000-0000-0000-000000000024'), 'Storgatan', '1', '11122', 'Stockholm', 'Stockholm', 'Sweden'),
    (UUID_TO_BIN('10000000-0000-0000-0000-000000000025'), 'Namurstraße', '4', '70374', 'Stuttgart', 'Baden Württemberg', 'Deutschland'),
    (UUID_TO_BIN('10000000-0000-0000-0000-000000000026'),'Connell Street', '42', 'D01 C3N0', 'Dublin', 'Leinster', 'Ireland');
-- (3, 'Vali Asr Street', '153', '15857', 'Tehran', 'Tehran Province', 'Iran');



-- Insert customers with updated and additional data
INSERT INTO customer
(id, version, last_name, first_name, email, phone_number, tier_level, is_subscribed, birth_date, gender, marital_status, customer_state, address_id, created, updated, username, contact_options, interests)
VALUES
    (UUID_TO_BIN('00000000-0000-0000-0000-000000000000'), 0, 'Admin', 'Caleb', 'admin@gentlecorp.com', '0000/0000000', 3, 1, '1999-05-03', 'MALE', 'MARRIED', 'ACTIVE', UUID_TO_BIN('10000000-0000-0000-0000-000000000000'), NOW(), NOW(), 'admin', 'EMAIL,PHONE,LETTER,SMS', NULL),
    (UUID_TO_BIN('00000000-0000-0000-0000-000000000001'), 0, 'Gyamfi', 'Rachel', 'racheldwomoh@icloud.com', '0000/0000002', 3, 1, '1998-12-21', 'FEMALE', 'MARRIED', 'ACTIVE', UUID_TO_BIN('10000000-0000-0000-0000-000000000001'), NOW(), NOW(), 'rae', 'LETTER', NULL),
    (UUID_TO_BIN('00000000-0000-0000-0000-000000000002'), 0, 'Williams', 'Mark', 'mark.williams2@example.com', '+49-30-1234567', 1, 1, '1981-03-15', 'DIVERSE', 'DIVORCED', 'ACTIVE', UUID_TO_BIN('10000000-0000-0000-0000-000000000002'), NOW(), NOW(), 'mark.williams2', 'EMAIL,PHONE,LETTER', 'BANK_PRODUCTS_AND_SERVICES,TECHNOLOGY_AND_INNOVATION'),
    (UUID_TO_BIN('00000000-0000-0000-0000-000000000003'), 0, 'Meyer', 'Julia', 'julia.meyer@example.com', '030/1234567', 1, 1, '1980-09-10', 'FEMALE', 'SINGLE', 'ACTIVE', UUID_TO_BIN('10000000-0000-0000-0000-000000000003'), NOW(), NOW(), 'julia', 'EMAIL,PHONE', 'TECHNOLOGY_AND_INNOVATION'),
    (UUID_TO_BIN('00000000-0000-0000-0000-000000000004'), 0, 'Schmidt', 'Anna', 'anna.schmidt@example.com', '030-1234567', 2, 1, '1985-07-12', 'FEMALE', 'MARRIED', 'ACTIVE', UUID_TO_BIN('10000000-0000-0000-0000-000000000004'), NOW(), NOW(), 'anna.schmidt', 'EMAIL,PHONE', 'TECHNOLOGY_AND_INNOVATION,TRAVEL'),
    (UUID_TO_BIN('00000000-0000-0000-0000-000000000005'), 0, 'Schmidt', 'Erik', 'erik.schmidt@example.com', '030-2345678', 1, 0, '1982-03-25', 'MALE', 'MARRIED', 'INACTIVE', UUID_TO_BIN('10000000-0000-0000-0000-000000000005'), NOW(), NOW(), 'erik', 'EMAIL,LETTER,SMS', 'BANK_PRODUCTS_AND_SERVICES,FINANCIAL_EDUCATION_AND_COUNSELING,SUSTAINABLE_FINANCE'),
    (UUID_TO_BIN('00000000-0000-0000-0000-000000000006'), 0, 'Brown', 'Laura', 'laura.brown@example.com', '+49-69-1234567', 3, 1, '1979-11-11', 'FEMALE', 'MARRIED', 'ACTIVE', UUID_TO_BIN('10000000-0000-0000-0000-000000000006'), NOW(), NOW(), 'laura.brown', 'EMAIL,LETTER,SMS', 'REAL_ESTATE,INVESTMENTS,CREDIT_AND_DEBT'),
    (UUID_TO_BIN('00000000-0000-0000-0000-000000000007'), 0, 'Gyamfi', 'Shamaar', 'shamaar_g@outlook.com', '0000/0000002', 2, 1, '2006-04-29', 'MALE', 'SINGLE', 'BLOCKED', UUID_TO_BIN('10000000-0000-0000-0000-000000000007'), NOW(), NOW(), 'shamaar', 'EMAIL,PHONE,LETTER,SMS', NULL),
    (UUID_TO_BIN('00000000-0000-0000-0000-000000000008'), 0, 'Müller', 'Emanuel', 'john.muller@example.com', '+49-170-1234567', 1, 1, '1990-12-30', 'MALE', 'SINGLE', 'ACTIVE', UUID_TO_BIN('10000000-0000-0000-0000-000000000008'), NOW(), NOW(), 'john.muller', 'PHONE', NULL),
    (UUID_TO_BIN('00000000-0000-0000-0000-000000000009'), 0, 'Nguyen', 'Linh', 'linh.nguyen@example.com', '+84-28-1234567', 1, 1, '1986-04-22', 'FEMALE', 'MARRIED', 'ACTIVE', UUID_TO_BIN('10000000-0000-0000-0000-000000000009'), NOW(), NOW(), 'linh.nguyen', 'EMAIL,PHONE,LETTER', 'SUSTAINABLE_FINANCE,TECHNOLOGY_AND_INNOVATION'),
    (UUID_TO_BIN('00000000-0000-0000-0000-000000000010'), 0, 'Garcia', 'Miguel', 'miguel.garcia@example.com', '+1-202-1234567', 2, 1, '1977-08-19', 'MALE', 'DIVORCED', 'ACTIVE', UUID_TO_BIN('10000000-0000-0000-0000-000000000010'), NOW(), NOW(), 'miguel.garcia', 'EMAIL,PHONE', 'REAL_ESTATE'),
    (UUID_TO_BIN('00000000-0000-0000-0000-000000000011'), 0, 'Lee', 'Soojin', 'soojin.lee@example.com', '+82-2-1234567', 3, 1, '1990-10-14', 'FEMALE', 'SINGLE', 'INACTIVE', UUID_TO_BIN('10000000-0000-0000-0000-000000000011'), NOW(), NOW(), 'soojin.lee', 'EMAIL,LETTER', 'INVESTMENTS,TECHNOLOGY_AND_INNOVATION'),
    (UUID_TO_BIN('00000000-0000-0000-0000-000000000012'), 0, 'Doe', 'Jane', 'jane.doe@example.com', '+44-20-79460000', 3, 1, '1987-09-15', 'FEMALE', 'DIVORCED', 'ACTIVE', UUID_TO_BIN('10000000-0000-0000-0000-000000000012'), NOW(), NOW(), 'jane.doe', 'EMAIL,PHONE,LETTER,SMS', 'INVESTMENTS,SAVING_AND_FINANCE,CREDIT_AND_DEBT,INSURANCE,TECHNOLOGY_AND_INNOVATION'),
    (UUID_TO_BIN('00000000-0000-0000-0000-000000000013'), 0, 'Williams', 'Mark', 'mark.williams@example.com', '+49-30-1234567', 2, 1, '1981-03-15', 'DIVERSE', 'WIDOWED', 'CLOSED', UUID_TO_BIN('10000000-0000-0000-0000-000000000013'), NOW(), NOW(), 'mark.williams', 'EMAIL,PHONE,LETTER', 'BANK_PRODUCTS_AND_SERVICES,TECHNOLOGY_AND_INNOVATION'),
    (UUID_TO_BIN('00000000-0000-0000-0000-000000000014'), 0, 'Rossi', 'Luca', 'luca.rossi@example.com', '+39-06-1234567', 2, 0, '1984-06-05', 'MALE', 'MARRIED', 'ACTIVE', UUID_TO_BIN('10000000-0000-0000-0000-000000000014'), NOW(), NOW(), 'luca.rossi', 'PHONE', 'SAVING_AND_FINANCE'),
    (UUID_TO_BIN('00000000-0000-0000-0000-000000000015'), 0, 'Owusu', 'Kwame', 'kwame.owusu@example.com', '+233-20-1234567', 3, 0, '1995-05-05', 'MALE', 'SINGLE', 'ACTIVE', UUID_TO_BIN('10000000-0000-0000-0000-000000000015'), NOW(), NOW(), 'kwame.owusu', 'LETTER', 'REAL_ESTATE'),
    (UUID_TO_BIN('00000000-0000-0000-0000-000000000016'), 0, 'Osei', 'Yaa', 'yaa.osei@example.com', '+233-24-9876543', 3, 1, '1992-11-02', 'FEMALE', 'SINGLE', 'ACTIVE', UUID_TO_BIN('10000000-0000-0000-0000-000000000016'), NOW(), NOW(), 'yaa.osei', 'EMAIL,PHONE,LETTER,SMS', 'TECHNOLOGY_AND_INNOVATION,INVESTMENTS,SAVING_AND_FINANCE,REAL_ESTATE,CREDIT_AND_DEBT'),
    (UUID_TO_BIN('00000000-0000-0000-0000-000000000017'), 0, 'Peterson', 'Lisa', 'lisa.peterson@example.com', '+44-20-1234567', 1, 0, '1993-02-10', 'DIVERSE', 'WIDOWED', 'BLOCKED', UUID_TO_BIN('10000000-0000-0000-0000-000000000017'), NOW(), NOW(), 'lisa.peterson', 'PHONE', NULL),
    (UUID_TO_BIN('00000000-0000-0000-0000-000000000018'), 0, 'Tanaka', 'Hiroshi', 'hiroshi.tanaka@example.com', '+81-3-1234-5678', 1, 1, '1988-06-20', 'MALE', 'MARRIED', 'ACTIVE', UUID_TO_BIN('10000000-0000-0000-0000-000000000018'), NOW(), NOW(), 'hiroshi.tanaka', 'EMAIL,PHONE', 'TECHNOLOGY_AND_INNOVATION'),
    (UUID_TO_BIN('00000000-0000-0000-0000-000000000019'), 0, 'Smith', 'Emily', 'emily.smith@example.com', '+64-9-1234567', 3, 1, '1991-08-08', 'FEMALE', 'MARRIED', 'ACTIVE', UUID_TO_BIN('10000000-0000-0000-0000-000000000019'), NOW(), NOW(), 'emily.smith', 'EMAIL,LETTER,SMS', 'TECHNOLOGY_AND_INNOVATION,INVESTMENTS,REAL_ESTATE,CREDIT_AND_DEBT,INSURANCE'),
    (UUID_TO_BIN('00000000-0000-0000-0000-000000000020'), 0, 'Jones', 'David', 'david.jones@example.com', '+64-9-5555555', 2, 1, '1983-07-21', 'MALE', 'MARRIED', 'INACTIVE', UUID_TO_BIN('10000000-0000-0000-0000-000000000020'), NOW(), NOW(), 'david.jones', 'EMAIL,PHONE', 'SUSTAINABLE_FINANCE,BANK_PRODUCTS_AND_SERVICES'),
    (UUID_TO_BIN('00000000-0000-0000-0000-000000000021'), 0, 'Ivanov', 'Dmitry', 'dmitry.ivanov@example.ru', '+7-495-1234567', 1, 1, '1984-02-15', 'MALE', 'MARRIED', 'ACTIVE', UUID_TO_BIN('10000000-0000-0000-0000-000000000021'), NOW(), NOW(), 'dmitry.ivanov', 'EMAIL,PHONE', 'TECHNOLOGY_AND_INNOVATION,REAL_ESTATE'),
    (UUID_TO_BIN('00000000-0000-0000-0000-000000000022'), 0, 'Ivanov', 'Elena', 'elena.ivanov@example.ru', '+7-495-7654321', 1, 1, '1986-07-20', 'FEMALE', 'MARRIED', 'ACTIVE', UUID_TO_BIN('10000000-0000-0000-0000-000000000022'), NOW(), NOW(), 'elena.ivanova', 'EMAIL,PHONE', 'TRAVEL,TECHNOLOGY_AND_INNOVATION'),
    (UUID_TO_BIN('00000000-0000-0000-0000-000000000023'), 0, 'Andersson', 'Johan', 'johan.andersson@example.se', '+46-8-1234567', 2, 1, '1982-11-30', 'MALE', 'MARRIED', 'ACTIVE', UUID_TO_BIN('10000000-0000-0000-0000-000000000023'), NOW(), NOW(), 'johan.andersson', 'EMAIL,PHONE', 'TRAVEL,TECHNOLOGY_AND_INNOVATION'),
    (UUID_TO_BIN('00000000-0000-0000-0000-000000000024'), 0, 'Andersson', 'Anna', 'anna.andersson@example.se', '+46-8-7654321', 2, 1, '1985-03-10', 'FEMALE', 'MARRIED', 'ACTIVE', UUID_TO_BIN('10000000-0000-0000-0000-000000000024'), NOW(), NOW(), 'anna.andersson', 'EMAIL,PHONE', 'TRAVEL,TECHNOLOGY_AND_INNOVATION'),
    (UUID_TO_BIN('00000000-0000-0000-0000-000000000025'), 0, 'Gyamfi', 'Caleb', 'caleb_g@outlook.de', '015111951223', 3, 1,'1999-05-03', 'MALE', 'MARRIED', 'ACTIVE', UUID_TO_BIN('10000000-0000-0000-0000-000000000025'), NOW(), NOW(),'gentlecg99', 'EMAIL,PHONE,LETTER,SMS', 'TECHNOLOGY_AND_INNOVATION'),
    (UUID_TO_BIN('00000000-0000-0000-0000-000000000026'), 0, 'Jefferson', 'Leroy', 'leroy135@icloud.com', '015111951223', 2, 1,'1999-05-03', 'MALE', 'SINGLE', 'ACTIVE', UUID_TO_BIN('10000000-0000-0000-0000-000000000026'), NOW(), NOW(),'leroy135', 'EMAIL', 'INVESTMENTS,SAVING_AND_FINANCE,CREDIT_AND_DEBT,BANK_PRODUCTS_AND_SERVICES,FINANCIAL_EDUCATION_AND_COUNSELING,REAL_ESTATE,INSURANCE,SUSTAINABLE_FINANCE,TECHNOLOGY_AND_INNOVATION,TRAVEL');


INSERT INTO
    contact (id, version, last_name, first_name, relationship, withdrawal_limit, is_emergency_contact, start_date, end_date, created, updated, customer_id, idx)
VALUES
    (UUID_TO_BIN('20000000-0000-0000-0000-000000000000'), 0, 'Gyamfi', 'Rachel', 'PARTNER', 1000, 1, '2020-01-01', NULL, NOW(), NOW(), UUID_TO_BIN('00000000-0000-0000-0000-000000000025'), 0),
    (UUID_TO_BIN('20000000-0000-0000-0000-000000000001'), 0, 'Gyamfi', 'Nevaeh Amber Okorie', 'CHILD', 1000, 0, '2020-01-01', NULL, NOW(), NOW(), UUID_TO_BIN('00000000-0000-0000-0000-000000000025'), 1),
    (UUID_TO_BIN('20000000-0000-0000-0000-000000000002'), 0, 'Gyamfi', 'Neriah Amaziah Ohemaa', 'CHILD', 1000, 0, '2020-01-01', NULL, NOW(), NOW(), UUID_TO_BIN('00000000-0000-0000-0000-000000000025'), 2),
    (UUID_TO_BIN('20000000-0000-0000-0000-000000000003'), 0, 'Gyamfi', 'Caleb', 'PARTNER', 1000, 0, '2020-01-01', NULL, NOW(), NOW(), UUID_TO_BIN('00000000-0000-0000-0000-000000000001'), 0),
    (UUID_TO_BIN('20000000-0000-0000-0000-000000000004'), 0, 'Gyamfi', 'Nevaeh Ember Okorie', 'CHILD', 1000, 0, '2020-01-01', NULL, NOW(), NOW(), UUID_TO_BIN('00000000-0000-0000-0000-000000000001'), 1),
    (UUID_TO_BIN('20000000-0000-0000-0000-000000000005'), 0, 'Gyamfi', 'Neriah Amaziah Ohemaa', 'CHILD', 1000, 0, '2020-01-01', NULL, NOW(), NOW(), UUID_TO_BIN('00000000-0000-0000-0000-000000000001'), 2),
    (UUID_TO_BIN('20000000-0000-0000-0000-000000000006'), 0, 'Müller', 'Sofia', 'CHILD', 1000, 0, '2020-01-01', NULL, NOW(), NOW(), UUID_TO_BIN('00000000-0000-0000-0000-000000000002'), 0),
    (UUID_TO_BIN('20000000-0000-0000-0000-000000000007'), 0, 'Müller', 'John', 'PARTNER', 1000, 0, '2020-01-01', NULL, NOW(), NOW(), UUID_TO_BIN('00000000-0000-0000-0000-000000000003'), 0),
    (UUID_TO_BIN('20000000-0000-0000-0000-000000000008'), 0, 'Schmidt', 'Erik', 'PARTNER', 1000, 0, '2020-01-01', NULL, NOW(), NOW(), UUID_TO_BIN('00000000-0000-0000-0000-000000000004'), 0),
    (UUID_TO_BIN('20000000-0000-0000-0000-000000000009'), 0, 'Schmidt', 'Lisa', 'CHILD', 50, 0, '2020-01-01', NULL, NOW(), NOW(), UUID_TO_BIN('00000000-0000-0000-0000-000000000004'), 1),
    (UUID_TO_BIN('20000000-0000-0000-0000-000000000010'), 0, 'Schmidt', 'Anna', 'PARTNER', 1000, 0, '2020-01-01', NULL, NOW(), NOW(), UUID_TO_BIN('00000000-0000-0000-0000-000000000005'), 0),
    (UUID_TO_BIN('20000000-0000-0000-0000-000000000011'), 0, 'Schmidt', 'Lisa', 'CHILD', 50, 0, '2020-01-01', NULL, NOW(), NOW(), UUID_TO_BIN('00000000-0000-0000-0000-000000000005'), 1),
    (UUID_TO_BIN('20000000-0000-0000-0000-000000000012'), 0, 'Müller', 'John', 'COLLEAGUE', NULL, 0, NULL, NULL, NOW(), NOW(), UUID_TO_BIN('00000000-0000-0000-0000-000000000006'), 0),
    (UUID_TO_BIN('20000000-0000-0000-0000-000000000013'), 0, 'Müller', 'Emma', 'PARTNER', 1000, 0, '2020-01-01', NULL, NOW(), NOW(), UUID_TO_BIN('00000000-0000-0000-0000-000000000008'), 0),
    (UUID_TO_BIN('20000000-0000-0000-0000-000000000014'), 0, 'Müller', 'Emily', 'SIBLING', 1000, 0, '2020-01-01', NULL, NOW(), NOW(), UUID_TO_BIN('00000000-0000-0000-0000-000000000008'), 1),
    (UUID_TO_BIN('20000000-0000-0000-0000-000000000015'), 0, 'Müller', 'Ethan', 'CHILD', 1000, 0, '2020-01-01', NULL, NOW(), NOW(), UUID_TO_BIN('00000000-0000-0000-0000-000000000008'), 2),
    (UUID_TO_BIN('20000000-0000-0000-0000-000000000016'), 0, 'Müller', 'Elena', 'CHILD', 1000, 0, '2020-01-01', NULL, NOW(), NOW(), UUID_TO_BIN('00000000-0000-0000-0000-000000000008'), 3),
    (UUID_TO_BIN('20000000-0000-0000-0000-000000000017'), 0, 'Müller', 'Emerich', 'RELATIVE', 1000, 0, '2020-01-01', NULL, NOW(), NOW(), UUID_TO_BIN('00000000-0000-0000-0000-000000000008'), 4),
    (UUID_TO_BIN('20000000-0000-0000-0000-000000000018'), 0, 'Doe', 'Jane', 'COLLEAGUE', 1000, 0, '2020-01-01', NULL, NOW(), NOW(), UUID_TO_BIN('00000000-0000-0000-0000-000000000009'), 0),
    (UUID_TO_BIN('20000000-0000-0000-0000-000000000019'), 0, 'Singh', 'Aarav', 'PARTNER', 1000, 0, '2020-01-01', NULL, NOW(), NOW(), UUID_TO_BIN('00000000-0000-0000-0000-000000000009'), 1),
    (UUID_TO_BIN('20000000-0000-0000-0000-000000000020'), 0, 'Garcia', 'Maria', 'PARTNER', 1000, 0, '2020-01-01', NULL, NOW(), NOW(), UUID_TO_BIN('00000000-0000-0000-0000-000000000010'), 0),
    (UUID_TO_BIN('20000000-0000-0000-0000-000000000021'), 0, 'Johnson', 'Linda', 'PARENT', 1000, 0, '2020-01-01', NULL, NOW(), NOW(), UUID_TO_BIN('00000000-0000-0000-0000-000000000011'), 0),
    (UUID_TO_BIN('20000000-0000-0000-0000-000000000022'), 0, 'Nguyen', 'Linh', 'COLLEAGUE', NULL, 0, NULL, NULL, NOW(), NOW(), UUID_TO_BIN('00000000-0000-0000-0000-000000000012'), 0),
    (UUID_TO_BIN('20000000-0000-0000-0000-000000000023'), 0, 'Saito', 'Rina', 'BUSINESS_PARTNER', 1000, 0, '2020-01-01', NULL, NOW(), NOW(), UUID_TO_BIN('00000000-0000-0000-0000-000000000012'), 1),
    (UUID_TO_BIN('20000000-0000-0000-0000-000000000024'), 0, 'Kim', 'Minji', 'CHILD', 1000, 0, '2020-01-01', NULL, NOW(), NOW(), UUID_TO_BIN('00000000-0000-0000-0000-000000000014'), 0),
    (UUID_TO_BIN('20000000-0000-0000-0000-000000000025'), 0, 'Ivanov', 'Mikhail', 'PARTNER', 1000, 0, '2020-01-01', NULL, NOW(), NOW(), UUID_TO_BIN('00000000-0000-0000-0000-000000000014'), 1),
    (UUID_TO_BIN('20000000-0000-0000-0000-000000000026'), 0, 'Osei', 'Akosua', 'PARTNER', 1000, 0, '2020-01-01', NULL, NOW(), NOW(), UUID_TO_BIN('00000000-0000-0000-0000-000000000015'), 0),
    (UUID_TO_BIN('20000000-0000-0000-0000-000000000027'), 0, 'Owusu', 'Afia', 'SIBLING', 1000, 0, '2020-01-01', NULL, NOW(), NOW(), UUID_TO_BIN('00000000-0000-0000-0000-000000000015'), 1),
    (UUID_TO_BIN('20000000-0000-0000-0000-000000000028'), 0, 'Owusu', 'Akosua', 'PARENT', 1000, 0, '2020-01-01', NULL, NOW(), NOW(), UUID_TO_BIN('00000000-0000-0000-0000-000000000015'), 2),
    (UUID_TO_BIN('20000000-0000-0000-0000-000000000029'), 0, 'Li', 'Wang', 'BUSINESS_PARTNER', 1000, 0, '2020-01-01', NULL, NOW(), NOW(), UUID_TO_BIN('00000000-0000-0000-0000-000000000015'), 3),
    (UUID_TO_BIN('20000000-0000-0000-0000-000000000030'), 0, 'Patel', 'Raj', 'BUSINESS_PARTNER', 1000, 0, '2020-01-01', NULL, NOW(), NOW(), UUID_TO_BIN('00000000-0000-0000-0000-000000000015'), 4),
    (UUID_TO_BIN('20000000-0000-0000-0000-000000000031'), 0, 'Owusu', 'Afia', 'PARENT', 1000, 0, '2020-01-01', NULL, NOW(), NOW(), UUID_TO_BIN('00000000-0000-0000-0000-000000000016'), 0),
    (UUID_TO_BIN('20000000-0000-0000-0000-000000000032'), 0, 'Tanaka', 'Yuki', 'PARTNER', 1000, 0, '2020-01-01', NULL, NOW(), NOW(), UUID_TO_BIN('00000000-0000-0000-0000-000000000018'), 0),
    (UUID_TO_BIN('20000000-0000-0000-0000-000000000033'), 0, 'Tanaka', 'Aiko', 'CHILD', 1000, 0, '2020-01-01', NULL, NOW(), NOW(), UUID_TO_BIN('00000000-0000-0000-0000-000000000018'), 1),
    (UUID_TO_BIN('20000000-0000-0000-0000-000000000034'), 0, 'Tanaka', 'Taro', 'PARENT', 1000, 0, '2020-01-01', NULL, NOW(), NOW(), UUID_TO_BIN('00000000-0000-0000-0000-000000000018'), 2),
    (UUID_TO_BIN('20000000-0000-0000-0000-000000000035'), 0, 'Tanaka', 'Yumi', 'PARENT', 1000, 0, '2020-01-01', NULL, NOW(), NOW(), UUID_TO_BIN('00000000-0000-0000-0000-000000000018'), 3),
    (UUID_TO_BIN('20000000-0000-0000-0000-000000000036'), 0, 'Kobayashi', 'Hana', 'SIBLING', 1000, 0, '2020-01-01', NULL, NOW(), NOW(), UUID_TO_BIN('00000000-0000-0000-0000-000000000018'), 4),
    (UUID_TO_BIN('20000000-0000-0000-0000-000000000037'), 0, 'Tanaka', 'Sota', 'SIBLING', 1000, 0, '2020-01-01', NULL, NOW(), NOW(), UUID_TO_BIN('00000000-0000-0000-0000-000000000018'), 5),
    (UUID_TO_BIN('20000000-0000-0000-0000-000000000038'), 0, 'Saito', 'Ryo', 'COLLEAGUE', 1000, 0, '2020-01-01', NULL, NOW(), NOW(), UUID_TO_BIN('00000000-0000-0000-0000-000000000018'), 6),
    (UUID_TO_BIN('20000000-0000-0000-0000-000000000039'), 0, 'Patel', 'Kishan', 'BUSINESS_PARTNER', 1000, 0, '2020-01-01', NULL, NOW(), NOW(), UUID_TO_BIN('00000000-0000-0000-0000-000000000019'), 0),
    (UUID_TO_BIN('20000000-0000-0000-0000-000000000040'), 0, 'Müller', 'Linda', 'BUSINESS_PARTNER', 1000, 0, '2020-01-01', NULL, NOW(), NOW(), UUID_TO_BIN('00000000-0000-0000-0000-000000000019'), 1),
    (UUID_TO_BIN('20000000-0000-0000-0000-000000000041'), 0, 'Smith', 'Alice', 'RELATIVE', 1000, 0, '2020-01-01', NULL, NOW(), NOW(), UUID_TO_BIN('00000000-0000-0000-0000-000000000019'), 2),
    (UUID_TO_BIN('20000000-0000-0000-0000-000000000042'), 0, 'Meyer', 'Julia', 'SIBLING', NULL, 0, NULL, NULL, NOW(), NOW(), UUID_TO_BIN('00000000-0000-0000-0000-000000000020'), 0),
    (UUID_TO_BIN('20000000-0000-0000-0000-000000000043'), 0, 'Ivanov', 'Elena', 'PARTNER', 1000, 0, '2020-01-01', NULL, NOW(), NOW(), UUID_TO_BIN('00000000-0000-0000-0000-000000000021'), 0),
    (UUID_TO_BIN('20000000-0000-0000-0000-000000000044'), 0, 'Ivanov', 'Alexander', 'CHILD', 1000, 0, '2020-01-01', NULL, NOW(), NOW(), UUID_TO_BIN('00000000-0000-0000-0000-000000000021'), 1),
    (UUID_TO_BIN('20000000-0000-0000-0000-000000000045'), 0, 'Ivanov', 'Maria', 'CHILD', 1000, 0, '2020-01-01', NULL, NOW(), NOW(), UUID_TO_BIN('00000000-0000-0000-0000-000000000021'), 2),
    (UUID_TO_BIN('20000000-0000-0000-0000-000000000046'), 0, 'Ivanov', 'Anastasia', 'CHILD', 1000, 0, '2020-01-01', NULL, NOW(), NOW(), UUID_TO_BIN('00000000-0000-0000-0000-000000000021'), 3),
    (UUID_TO_BIN('20000000-0000-0000-0000-000000000047'), 0, 'Ivanov', 'Dmitry', 'PARTNER', 1000, 0, '2020-01-01', NULL, NOW(), NOW(), UUID_TO_BIN('00000000-0000-0000-0000-000000000022'), 0),
    (UUID_TO_BIN('20000000-0000-0000-0000-000000000048'), 0, 'Ivanov', 'Alexander', 'CHILD', 1000, 0, '2020-01-01', NULL, NOW(), NOW(), UUID_TO_BIN('00000000-0000-0000-0000-000000000022'), 1),
    (UUID_TO_BIN('20000000-0000-0000-0000-000000000049'), 0, 'Ivanov', 'Maria', 'CHILD', 1000, 0, '2020-01-01', NULL, NOW(), NOW(), UUID_TO_BIN('00000000-0000-0000-0000-000000000022'), 2),
    (UUID_TO_BIN('20000000-0000-0000-0000-000000000050'), 0, 'Ivanov', 'Anastasia', 'CHILD', 1000, 0, '2020-01-01', NULL, NOW(), NOW(), UUID_TO_BIN('00000000-0000-0000-0000-000000000022'), 3),
    (UUID_TO_BIN('20000000-0000-0000-0000-000000000051'), 0, 'Andersson', 'Anna', 'PARTNER', 1000, 0, '2020-01-01', NULL, NOW(), NOW(), UUID_TO_BIN('00000000-0000-0000-0000-000000000023'), 0),
    (UUID_TO_BIN('20000000-0000-0000-0000-000000000052'), 0, 'Andersson', 'Lena', 'CHILD', 1000, 0, '2020-01-01', NULL, NOW(), NOW(), UUID_TO_BIN('00000000-0000-0000-0000-000000000023'), 1),
    (UUID_TO_BIN('20000000-0000-0000-0000-000000000053'), 0, 'Andersson', 'Eric', 'CHILD', 1000, 0, '2020-01-01', NULL, NOW(), NOW(), UUID_TO_BIN('00000000-0000-0000-0000-000000000023'), 2),
    (UUID_TO_BIN('20000000-0000-0000-0000-000000000054'), 0, 'Andersson', 'Johan', 'PARTNER', 1000, 0, '2020-01-01', NULL, NOW(), NOW(), UUID_TO_BIN('00000000-0000-0000-0000-000000000024'), 0),
    (UUID_TO_BIN('20000000-0000-0000-0000-000000000055'), 0, 'Andersson', 'Lena', 'CHILD', 1000, 0, '2020-01-01', NULL, NOW(), NOW(), UUID_TO_BIN('00000000-0000-0000-0000-000000000024'), 1),
    (UUID_TO_BIN('20000000-0000-0000-0000-000000000056'), 0, 'Andersson', 'Eric', 'CHILD', 1000, 0, '2020-01-01', NULL, NOW(), NOW(), UUID_TO_BIN('00000000-0000-0000-0000-000000000024'), 2),
    (UUID_TO_BIN('20000000-0000-0000-0000-000000000057'), 0, 'Gyamfi', 'Rachel', 'PARTNER', 1000, 1, '2020-01-01', NULL, NOW(), NOW(), UUID_TO_BIN('00000000-0000-0000-0000-000000000000'), 0);